{"cameraMode":{"drawMode":0,"name":"Shaded","section":"Shading Mode"},"sceneLighting":true,"audioPlay":false,"sceneViewState":{"showFog":true,"showMaterialUpdate":false,"showSkybox":true,"showFlares":true,"showImageEffects":true,"showParticleSystems":true},"in2DMode":false,"pivot":{"x":-4.437069892883301,"y":106.45574188232422,"z":5.353168487548828},"rotation":{"x":0.06757783889770508,"y":0.1977076679468155,"z":-0.0136635210365057,"w":0.9778339266777039},"size":137.90187072753907,"orthographic":true}