{"cameraMode":{"drawMode":0,"name":"Shaded","section":"Shading Mode"},"sceneLighting":true,"audioPlay":false,"sceneViewState":{"showFog":true,"showMaterialUpdate":false,"showSkybox":true,"showFlares":true,"showImageEffects":true,"showParticleSystems":true},"in2DMode":false,"pivot":{"x":111.27993774414063,"y":129.33966064453126,"z":115.3412857055664},"rotation":{"x":0.14478541910648347,"y":0.5602014660835266,"z":-0.1002042293548584,"w":0.809434175491333},"size":185.6626434326172,"orthographic":true}