{"cameraMode":{"drawMode":0,"name":"Shaded","section":"Shading Mode"},"sceneLighting":true,"audioPlay":false,"sceneViewState":{"showFog":true,"showMaterialUpdate":false,"showSkybox":true,"showFlares":true,"showImageEffects":true,"showParticleSystems":true},"in2DMode":false,"pivot":{"x":-1.9213321208953858,"y":147.78671264648438,"z":-27.733776092529298},"rotation":{"x":0.18873506784439088,"y":-0.016497081145644189,"z":0.0031712378840893509,"w":0.981891393661499},"size":279.9969787597656,"orthographic":true}