{"cameraMode":{"drawMode":0,"name":"Shaded","section":"Shading Mode"},"sceneLighting":false,"audioPlay":false,"sceneViewState":{"showFog":true,"showMaterialUpdate":false,"showSkybox":false,"showFlares":true,"showImageEffects":true,"showParticleSystems":true},"in2DMode":false,"pivot":{"x":13.699999809265137,"y":-13.600000381469727,"z":0.0},"rotation":{"x":0.013499598950147629,"y":1.0714967579872337e-8,"z":7.084445807770123e-10,"w":0.9999088048934937},"size":2.946714401245117,"orthographic":true}