{"cameraMode":{"drawMode":0,"name":"Shaded","section":"Shading Mode"},"sceneLighting":true,"audioPlay":false,"sceneViewState":{"showFog":true,"showMaterialUpdate":false,"showSkybox":true,"showFlares":true,"showImageEffects":true,"showParticleSystems":true},"in2DMode":false,"pivot":{"x":141.0957794189453,"y":117.09296417236328,"z":387.7878723144531},"rotation":{"x":0.03445487469434738,"y":0.047352034598588946,"z":-0.0016334071988239885,"w":0.9982891082763672},"size":484.996337890625,"orthographic":true}