{"cameraMode":{"drawMode":0,"name":"Shaded","section":"Shading Mode"},"sceneLighting":false,"audioPlay":false,"sceneViewState":{"showFog":true,"showMaterialUpdate":false,"showSkybox":false,"showFlares":true,"showImageEffects":true,"showParticleSystems":true},"in2DMode":false,"pivot":{"x":3.5002858638763429,"y":0.8812592625617981,"z":-3.9988183975219728},"rotation":{"x":0.01349294651299715,"y":0.031492073088884357,"z":-0.0004252835060469806,"w":0.9994144439697266},"size":1.6357284784317017,"orthographic":true}