{"cameraMode":{"drawMode":0,"name":"Shaded","section":"Shading Mode"},"sceneLighting":true,"audioPlay":false,"sceneViewState":{"showFog":true,"showMaterialUpdate":false,"showSkybox":true,"showFlares":true,"showImageEffects":true,"showParticleSystems":true},"in2DMode":false,"pivot":{"x":50.81311798095703,"y":275.7543640136719,"z":169.49978637695313},"rotation":{"x":0.3446802794933319,"y":-0.003942364826798439,"z":0.0014476432697847486,"w":0.9387156963348389},"size":528.1940307617188,"orthographic":true}