{"cameraMode":{"drawMode":0,"name":"Shaded","section":"Shading Mode"},"sceneLighting":true,"audioPlay":false,"sceneViewState":{"showFog":true,"showMaterialUpdate":false,"showSkybox":true,"showFlares":true,"showImageEffects":true,"showParticleSystems":true},"in2DMode":false,"pivot":{"x":0.0,"y":115.8751220703125,"z":0.00000286102294921875},"rotation":{"x":0.2608204185962677,"y":0.10545226186513901,"z":-0.02867453172802925,"w":0.9591824412345886},"size":125.5855712890625,"orthographic":true}