{"cameraMode":{"drawMode":0,"name":"Shaded","section":"Shading Mode"},"sceneLighting":true,"audioPlay":false,"sceneViewState":{"showFog":true,"showMaterialUpdate":false,"showSkybox":true,"showFlares":true,"showImageEffects":true,"showParticleSystems":true},"in2DMode":false,"pivot":{"x":278.0657958984375,"y":112.0271224975586,"z":35.34620666503906},"rotation":{"x":0.3446802794933319,"y":-0.003942364826798439,"z":0.0014476432697847486,"w":0.9387156963348389},"size":353.4736022949219,"orthographic":true}