{"cameraMode":{"drawMode":0,"name":"Shaded","section":"Shading Mode"},"sceneLighting":true,"audioPlay":false,"sceneViewState":{"showFog":true,"showMaterialUpdate":false,"showSkybox":true,"showFlares":true,"showImageEffects":true,"showParticleSystems":true},"in2DMode":false,"pivot":{"x":87.3228759765625,"y":167.5919189453125,"z":33.1551628112793},"rotation":{"x":0.08016500622034073,"y":0.7862181067466736,"z":-0.10438860952854157,"w":0.603787362575531},"size":162.77772521972657,"orthographic":true}