{"cameraMode":{"drawMode":0,"name":"Shaded","section":"Shading Mode"},"sceneLighting":true,"audioPlay":false,"sceneViewState":{"showFog":true,"showMaterialUpdate":false,"showSkybox":true,"showFlares":true,"showImageEffects":true,"showParticleSystems":true},"in2DMode":false,"pivot":{"x":701.1895751953125,"y":134.04998779296876,"z":52.49993896484375},"rotation":{"x":0.03445487469434738,"y":0.047352034598588946,"z":-0.0016334071988239885,"w":0.9982891082763672},"size":10.0,"orthographic":true}