{"cameraMode":{"drawMode":0,"name":"Shaded","section":"Shading Mode"},"sceneLighting":true,"audioPlay":false,"sceneViewState":{"showFog":true,"showMaterialUpdate":false,"showSkybox":true,"showFlares":true,"showImageEffects":true,"showParticleSystems":true},"in2DMode":false,"pivot":{"x":-71.91155242919922,"y":240.18389892578126,"z":-468.05078125},"rotation":{"x":0.0698564425110817,"y":-0.20236673951148988,"z":0.014471678994596005,"w":0.9767172932624817},"size":367.5764465332031,"orthographic":true}