{"cameraMode":{"drawMode":0,"name":"Shaded","section":"Shading Mode"},"sceneLighting":true,"audioPlay":false,"sceneViewState":{"showFog":true,"showMaterialUpdate":false,"showSkybox":true,"showFlares":true,"showImageEffects":true,"showParticleSystems":true},"in2DMode":false,"pivot":{"x":96.283447265625,"y":87.99998474121094,"z":384.81353759765627},"rotation":{"x":0.03445487469434738,"y":0.047352034598588946,"z":-0.0016334071988239885,"w":0.9982891082763672},"size":176.22349548339845,"orthographic":true}