{"cameraMode":{"drawMode":0,"name":"Shaded","section":"Shading Mode"},"sceneLighting":true,"audioPlay":false,"sceneViewState":{"showFog":true,"showMaterialUpdate":false,"showSkybox":true,"showFlares":true,"showImageEffects":true,"showParticleSystems":true},"in2DMode":false,"pivot":{"x":266.5337829589844,"y":237.09397888183595,"z":252.9060821533203},"rotation":{"x":0.01349294651299715,"y":0.031492073088884357,"z":-0.0004252835060469806,"w":0.9994144439697266},"size":527.2431640625,"orthographic":true}