{"cameraMode":{"drawMode":0,"name":"Shaded","section":"Shading Mode"},"sceneLighting":true,"audioPlay":false,"sceneViewState":{"showFog":true,"showMaterialUpdate":false,"showSkybox":true,"showFlares":true,"showImageEffects":true,"showParticleSystems":true},"in2DMode":false,"pivot":{"x":26.00650405883789,"y":50.65238952636719,"z":45.434322357177737},"rotation":{"x":-0.10453873127698899,"y":0.7115397453308106,"z":-0.10845671594142914,"w":-0.6864185333251953},"size":125.46700286865235,"orthographic":true}