{"cameraMode":{"drawMode":0,"name":"Shaded","section":"Shading Mode"},"sceneLighting":true,"audioPlay":false,"sceneViewState":{"showFog":true,"showMaterialUpdate":false,"showSkybox":true,"showFlares":true,"showImageEffects":true,"showParticleSystems":true},"in2DMode":false,"pivot":{"x":-4.437069892883301,"y":106.45574188232422,"z":5.353168487548828},"rotation":{"x":0.05769464373588562,"y":-0.2720191180706024,"z":0.01634077914059162,"w":0.9604223370552063},"size":149.80966186523438,"orthographic":true}