{"cameraMode":{"drawMode":0,"name":"Shaded","section":"Shading Mode"},"sceneLighting":true,"audioPlay":false,"sceneViewState":{"showFog":true,"showMaterialUpdate":false,"showSkybox":true,"showFlares":true,"showImageEffects":true,"showParticleSystems":true},"in2DMode":false,"pivot":{"x":42.63965606689453,"y":-42.954071044921878,"z":-32.699867248535159},"rotation":{"x":0.013499598950147629,"y":1.0714967579872337e-8,"z":7.084445807770123e-10,"w":0.9999088048934937},"size":185.3377685546875,"orthographic":true}