{"cameraMode":{"drawMode":0,"name":"Shaded","section":"Shading Mode"},"sceneLighting":true,"audioPlay":false,"sceneViewState":{"showFog":true,"showMaterialUpdate":false,"showSkybox":true,"showFlares":true,"showImageEffects":true,"showParticleSystems":true},"in2DMode":false,"pivot":{"x":182.3759307861328,"y":185.08804321289063,"z":281.166015625},"rotation":{"x":0.05467107892036438,"y":0.7230308651924133,"z":-0.0576024167239666,"w":0.6862378120422363},"size":284.6969909667969,"orthographic":true}