{"cameraMode":{"drawMode":0,"name":"Shaded","section":"Shading Mode"},"sceneLighting":true,"audioPlay":false,"sceneViewState":{"showFog":true,"showMaterialUpdate":false,"showSkybox":true,"showFlares":true,"showImageEffects":true,"showParticleSystems":true},"in2DMode":false,"pivot":{"x":-21.412506103515626,"y":308.8970642089844,"z":58.80624771118164},"rotation":{"x":0.12533700466156007,"y":-0.2504095137119293,"z":0.03271227702498436,"w":0.9594419002532959},"size":341.79779052734377,"orthographic":true}