{"cameraMode":{"drawMode":0,"name":"Shaded","section":"Shading Mode"},"sceneLighting":true,"audioPlay":false,"sceneViewState":{"showFog":true,"showMaterialUpdate":false,"showSkybox":true,"showFlares":true,"showImageEffects":true,"showParticleSystems":true},"in2DMode":false,"pivot":{"x":-15.5013427734375,"y":81.8811264038086,"z":-194.8982696533203},"rotation":{"x":0.03239284083247185,"y":-0.009294861927628518,"z":0.00030118899303488433,"w":0.9994397759437561},"size":278.7192687988281,"orthographic":true}