{"cameraMode":{"drawMode":0,"name":"Shaded","section":"Shading Mode"},"sceneLighting":true,"audioPlay":false,"sceneViewState":{"showFog":true,"showMaterialUpdate":false,"showSkybox":true,"showFlares":true,"showImageEffects":true,"showParticleSystems":true},"in2DMode":false,"pivot":{"x":26.00650405883789,"y":50.65238952636719,"z":45.434322357177737},"rotation":{"x":-0.14962683618068696,"y":0.1778038889169693,"z":-0.02742539532482624,"w":-0.9723201990127564},"size":198.3528594970703,"orthographic":true}