{"cameraMode":{"drawMode":0,"name":"Shaded","section":"Shading Mode"},"sceneLighting":true,"audioPlay":false,"sceneViewState":{"showFog":true,"showMaterialUpdate":false,"showSkybox":true,"showFlares":true,"showImageEffects":true,"showParticleSystems":true},"in2DMode":false,"pivot":{"x":-4.437069892883301,"y":106.45574188232422,"z":5.353168487548828},"rotation":{"x":0.07636305689811707,"y":-0.04037089645862579,"z":0.0030942982994019987,"w":0.9962612986564636},"size":805.5184936523438,"orthographic":true}